user_id,first_name,last_name,job_title
038c8d49-49b1-45c5-bb22-127cd1e9cc26,Catherina,Wiffill,Food Chemist
b0d5ac54-4ba4-4fbe-9fe8-680f58c0096f,Daryn,Alfonsini,Web Developer III
7207a613-cfc5-48b5-b68d-dd30d6e57baf,Ina,Grocutt,Technical Writer
6acd9ea7-f2e9-47a3-92f4-03de58e63330,Shaylyn,Theunissen,Geological Engineer
830187a5-fefa-4d0e-a4a3-e99ef218e966,Humfrey,Renvoise,Automation Specialist I
cdf68afc-3f94-4488-8127-c26edcda133c,Axel,Jirick,Accountant II
277d4f95-ff7b-48c9-a95c-af32964126d2,Heinrick,Blucher,Clinical Specialist
00ac2c0d-3e38-4ed5-aa86-4d6dd2a7f9a9,Giff,Ginner,Technical Writer
1aca29fc-d293-44fe-a6d5-67d12fd19de3,Buddy,Messingham,Desktop Support Technician
6813d0f8-72c3-40a4-8f2c-e8a1590a1ee7,Alexis,Rysdale,Web Developer II
1d0a4668-5b8f-45fb-9ba3-8bf567e08ad8,Amos,Madden,Internal Auditor
f441a6f6-375a-44eb-a85c-59ced5f13251,Mikael,Bangham,Clinical Specialist
8145ad96-0c7b-4bf4-b3df-e63ec168f58f,Christina,Baselio,Design Engineer
b2e69294-3330-4499-9468-4f15964450ae,Inigo,Dentith,Database Administrator I
c2904ee4-9aed-4a76-a35a-92a72cc3039d,Reina,Fonzo,Information Systems Manager
f59b8058-f550-4936-a030-95f8117ac009,Drew,Cordy,Clinical Specialist
28d74006-99b6-4d01-b22d-101618fa3b4c,Bendite,Doale,Sales Representative
06d9e3a1-29b1-440a-a55d-ae376d606a31,Karly,Ineson,Office Assistant II
a7d42ac0-df42-429b-806e-ab99f0ab2a96,Helsa,Purdey,Payment Adjustment Coordinator
59b7ba6f-126b-4bb5-98a8-9659bbf95b26,Waneta,Strang,Marketing Manager
f91c89a1-ce07-404e-89c1-11f60175e77f,Julienne,Jacqueminet,Associate Professor
dbfbf4d9-9bb7-4dc1-ab87-e532a94dadbf,Ora,Piscopiello,GIS Technical Architect
02108f79-dda6-4543-959a-03573e853831,Judas,Scarf,Pharmacist
864acd0f-e89e-4478-8e14-d9654c2252ac,Lannie,Sirett,Payment Adjustment Coordinator
ba6d1a6e-01a2-438b-acf4-bb66b1b12c31,Jeno,Brunet,Electrical Engineer
164992d4-44ff-41e8-b41c-2513524d1b0c,Fritz,Scrivens,Structural Engineer
c3935355-77a8-415f-87dc-40ec67a162b0,Dwight,Cousans,Associate Professor
1c4efcda-77b2-4233-beaf-8bd72ce76a23,Reginauld,Hayfield,Software Engineer III
2c4c9544-c96d-44a1-8c70-5a039b5c38cb,Ursola,Witz,Computer Systems Analyst II
8ddfdaa0-1895-46c3-8f32-271e964ace03,Normy,Bonsale,Community Outreach Specialist
33916695-3075-4eab-8941-cd9d7cb49add,Cortie,Sallter,Internal Auditor
e72b3c60-cc2b-49ef-aab6-c46fb779fec1,Simonne,Bontein,Environmental Tech
429e2f74-0941-4e4f-b739-f9dcadc774ba,Korrie,Moohan,Data Coordiator
a7160bb1-214e-466e-8339-76bcd07f1ec4,Cornell,Hirche,Senior Editor
5f0c7db0-d67e-483a-9a67-0cbd0cb4024c,Bennett,Sciusscietto,Legal Assistant
125e2822-ea07-4741-9c4c-d81e66c1e67d,Lance,Gepp,Senior Cost Accountant
f884da88-5a6c-4d96-ba9f-34e615cb3c40,Umeko,Stubbings,Sales Representative
4470d34f-bbeb-4bee-9ba7-1a8966466797,Lorne,Rostron,Sales Associate
a57c86f9-44ac-41dd-a01a-0ad22897cd6c,Deanne,Kardos-Stowe,Civil Engineer
fe906500-7342-48fa-9728-7c71d45223ae,Raimondo,Cawkill,Geologist II
302674b9-b23a-48ac-89a7-5df2d846c4dd,Laverna,Farrin,Account Executive
ae0e47d5-5a9b-48bf-a37a-ba5f6efb7e9c,Tabbie,Tixier,Nurse
45844f59-f67b-46a4-8f78-54a033e51c88,Shae,Newtown,VP Quality Control
35064ff2-d03f-4224-88af-df57f02ceb88,Devlen,Gudge,Health Coach II
fbcb24f6-55c7-4616-8e25-f308cc4f3d91,Tadeo,Haberjam,Librarian
c336ca4c-9535-4e23-9ea8-5d007afd40ae,Valerye,Swyre,Office Assistant III
e63a39af-22b8-4d6f-acda-6a4a9018db10,Angelique,Blanko,Sales Associate
19501c78-70f2-49c2-b612-855ee7b56991,Corry,Tonkin,Operator
10bc7cd2-aaba-4fc9-9b0e-3434f90a9ba7,Stephen,Hovington,Chief Design Engineer
5794a0d9-70c9-4437-826d-058679720471,Dino,Bonnette,Payment Adjustment Coordinator